{"cameraMode":{"drawMode":0,"name":"Shaded","section":"Shading Mode"},"sceneLighting":true,"audioPlay":false,"sceneViewState":{"showFog":true,"showMaterialUpdate":false,"showSkybox":true,"showFlares":true,"showImageEffects":true,"showParticleSystems":true},"in2DMode":false,"pivot":{"x":-5.662931442260742,"y":-19.304494857788087,"z":-247.23080444335938},"rotation":{"x":-0.021438879892230035,"y":0.9772160649299622,"z":-0.12111459672451019,"w":-0.17298069596290589},"size":457.78240966796877,"orthographic":false}